Date,Average_Price
01/01/2017,45.02
01/02/2017,45.02
01/03/2017,45.99
01/04/2017,44.9
01/05/2017,47.56
01/06/2017,44.04
01/07/2017,45.16
01/08/2017,45.16
01/09/2017,46.27
01/10/2017,44.18
01/11/2017,45.63
01/12/2017,43.18
01/13/2017,46.52
01/14/2017,46.4
01/15/2017,46.4
01/16/2017,46.27
01/17/2017,45.62
01/18/2017,44.76
01/19/2017,43.46
01/20/2017,45.05
01/21/2017,45.05
01/22/2017,45.05
01/23/2017,46.64
01/24/2017,46.46
01/25/2017,47.31
01/26/2017,47.38
01/27/2017,47.38
01/28/2017,47.38
01/29/2017,47.38
01/30/2017,47.38
01/31/2017,47.38
02/01/2017,47.38
02/02/2017,47.44
02/03/2017,46.83
02/04/2017,46.73
02/05/2017,46.73
02/06/2017,46.63
02/07/2017,45.12
02/08/2017,49.32
02/09/2017,48.97
02/10/2017,47.57
02/11/2017,47.19
02/12/2017,47.19
02/13/2017,46.81
02/14/2017,48.75
02/15/2017,48.45
02/16/2017,49.56
02/17/2017,49.59
02/18/2017,48.13
02/19/2017,48.13
02/20/2017,46.67
02/21/2017,49.21
02/22/2017,45.15
02/23/2017,45.79
02/24/2017,47.69
02/25/2017,48.04
02/26/2017,48.04
02/27/2017,48.39
02/28/2017,48.46
03/01/2017,48.85
03/02/2017,49.15
03/03/2017,47.26
03/04/2017,48.08
03/05/2017,48.08
03/06/2017,48.89
03/07/2017,48.71
03/08/2017,49.41
03/09/2017,49.92
03/10/2017,46.32
03/11/2017,48.65
03/12/2017,48.65
03/13/2017,50.98
03/14/2017,48.23
03/15/2017,48.84
03/16/2017,49.36
03/17/2017,46.7
03/18/2017,47.54
03/19/2017,47.54
03/20/2017,48.37
03/21/2017,50.53
03/22/2017,46.24
03/23/2017,46.88
03/24/2017,47.36
03/25/2017,48.85
03/26/2017,48.85
03/27/2017,50.33
03/28/2017,46.76
03/29/2017,49.23
03/30/2017,50.02
03/31/2017,46.31
04/01/2017,48.27
04/02/2017,48.27
04/03/2017,50.22
04/04/2017,49.6
04/05/2017,52.6
04/06/2017,49.24
04/07/2017,48.87
04/08/2017,50.77
04/09/2017,50.77
04/10/2017,52.67
04/11/2017,51.92
04/12/2017,52.46
04/13/2017,50.89
04/14/2017,52.69
04/15/2017,51.1
04/16/2017,51.1
04/17/2017,49.51
04/18/2017,48.4
04/19/2017,51.57
04/20/2017,48.93
04/21/2017,50.01
04/22/2017,50.69
04/23/2017,50.69
04/24/2017,51.36
04/25/2017,48.76
04/26/2017,49.83
04/27/2017,52.66
04/28/2017,52.79
04/29/2017,47.44
04/30/2017,47.44
05/01/2017,47.44
05/02/2017,47.44
05/03/2017,42.08
05/04/2017,42.63
05/05/2017,41.92
05/06/2017,41.48
05/07/2017,41.48
05/08/2017,41.04
05/09/2017,40.62
05/10/2017,44.81
05/11/2017,40.52
05/12/2017,44.75
05/13/2017,44.68
05/14/2017,44.68
05/15/2017,44.6
05/16/2017,44.23
05/17/2017,41.66
05/18/2017,41.71
05/19/2017,40.64
05/20/2017,41.4
05/21/2017,41.4
05/22/2017,42.16
05/23/2017,40.15
05/24/2017,41.55
05/25/2017,44.46
05/26/2017,42.23
05/27/2017,43.08
05/28/2017,43.08
05/29/2017,43.92
05/30/2017,40.18
05/31/2017,41.11
06/01/2017,45.59
06/02/2017,45.24
06/03/2017,45.41
06/04/2017,45.41
06/05/2017,45.57
06/06/2017,45.88
06/07/2017,47.74
06/08/2017,45.09
06/09/2017,46.11
06/10/2017,44.72
06/11/2017,44.72
06/12/2017,43.32
06/13/2017,43.4
06/14/2017,43.07
06/15/2017,45.55
06/16/2017,47.76
06/17/2017,46.05
06/18/2017,46.05
06/19/2017,44.34
06/20/2017,47.41
06/21/2017,47.56
06/22/2017,43.09
06/23/2017,44.48
06/24/2017,45.61
06/25/2017,45.61
06/26/2017,46.73
06/27/2017,47.35
06/28/2017,43.56
06/29/2017,46.39
06/30/2017,45.03
07/01/2017,45.48
07/02/2017,45.48
07/03/2017,45.92
07/04/2017,43.8
07/05/2017,46.6
07/06/2017,46.66
07/07/2017,43.84
07/08/2017,45.05
07/09/2017,45.05
07/10/2017,46.26
07/11/2017,46.82
07/12/2017,45.06
07/13/2017,47.41
07/14/2017,45.29
07/15/2017,46.41
07/16/2017,46.41
07/17/2017,47.53
07/18/2017,44.54
07/19/2017,43.63
07/20/2017,46.1
07/21/2017,43.27
07/22/2017,43.91
07/23/2017,43.91
07/24/2017,44.55
07/25/2017,46.81
07/26/2017,43.83
07/27/2017,47.76
07/28/2017,43.79
07/29/2017,43.95
07/30/2017,43.95
07/31/2017,44.1
08/01/2017,45.76
08/02/2017,45.71
08/03/2017,43.79
08/04/2017,46.55
08/05/2017,43.95
08/06/2017,43.95
08/07/2017,47.95
08/08/2017,46.25
08/09/2017,47.95
08/10/2017,44.74
08/11/2017,43.4
08/12/2017,47.25
08/13/2017,47.25
08/14/2017,47.24
08/15/2017,46.74
08/16/2017,44.85
08/17/2017,46.86
08/18/2017,46.62
08/19/2017,46.3
08/20/2017,46.3
08/21/2017,45.97
08/22/2017,44.21
08/23/2017,43.61
08/24/2017,43.4
08/25/2017,47.51
08/26/2017,45.8
08/27/2017,45.8
08/28/2017,44.08
08/29/2017,44.36
08/30/2017,44.35
08/31/2017,44.06
09/01/2017,45.69
09/02/2017,45.68
09/03/2017,45.68
09/04/2017,45.68
09/05/2017,45.67
09/06/2017,43.95
09/07/2017,45.02
09/08/2017,45.82
09/09/2017,46.86
09/10/2017,46.86
09/11/2017,47.9
09/12/2017,45.92
09/13/2017,43.77
09/14/2017,44.71
09/15/2017,46.1
09/16/2017,44.56
09/17/2017,44.56
09/18/2017,43.02
09/19/2017,43.47
09/20/2017,46.23
09/21/2017,45.31
09/22/2017,45.17
09/23/2017,46.37
09/24/2017,46.37
09/25/2017,47.56
09/26/2017,47.8
09/27/2017,47.25
09/28/2017,43.54
09/29/2017,46.3
09/30/2017,44.88
10/01/2017,44.88
10/02/2017,43.46
10/03/2017,43.1
10/04/2017,41.07
10/05/2017,44.63
10/06/2017,41.47
10/07/2017,43.41
10/08/2017,43.41
10/09/2017,45.35
10/10/2017,44.45
10/11/2017,45.49
10/12/2017,43.48
10/13/2017,45.42
10/14/2017,44.38
10/15/2017,44.38
10/16/2017,43.34
10/17/2017,43.7
10/18/2017,43.96
10/19/2017,43.91
10/20/2017,42.38
10/21/2017,42.23
10/22/2017,42.23
10/23/2017,42.08
10/24/2017,43.65
10/25/2017,42.11
10/26/2017,45.35
10/27/2017,42.9
10/28/2017,42.63
10/29/2017,42.63
10/30/2017,42.35
10/31/2017,42.81
11/01/2017,42.11
11/02/2017,45.82
11/03/2017,41.81
11/04/2017,41.94
11/05/2017,41.94
11/06/2017,42.06
11/07/2017,43.85
11/08/2017,43.89
11/09/2017,44.24
11/10/2017,43.75
11/11/2017,43.6
11/12/2017,43.6
11/13/2017,43.45
11/14/2017,42.74
11/15/2017,43.55
11/16/2017,44.5
11/17/2017,41.43
11/18/2017,42.53
11/19/2017,42.53
11/20/2017,43.62
11/21/2017,42.41
11/22/2017,45.59
11/23/2017,45.88
11/24/2017,42.46
11/25/2017,43.4
11/26/2017,43.4
11/27/2017,44.33
11/28/2017,41.86
11/29/2017,41.46
11/30/2017,42.92
12/01/2017,45.94
12/02/2017,45.53
12/03/2017,45.53
12/04/2017,45.11
12/05/2017,45.78
12/06/2017,44.5
12/07/2017,45.95
12/08/2017,44.75
12/09/2017,44.37
12/10/2017,44.37
12/11/2017,43.98
12/12/2017,45.79
12/13/2017,46.71
12/14/2017,46.17
12/15/2017,44.5
12/16/2017,45.1
12/17/2017,45.1
12/18/2017,45.7
12/19/2017,47.95
12/20/2017,43.64
12/21/2017,46.28
12/22/2017,47.51
12/23/2017,46.1
12/24/2017,46.1
12/25/2017,44.68
12/26/2017,46.25
12/27/2017,43.26
12/28/2017,45.61
12/29/2017,46.02
12/30/2017,42.97
12/31/2017,42.97
01/01/2018,42.97
01/02/2018,39.91
01/03/2018,41.67
01/04/2018,37.67
01/05/2018,38.26
01/06/2018,38.59
01/07/2018,38.59
01/08/2018,38.92
01/09/2018,40.69
01/10/2018,40.6
01/11/2018,38.89
01/12/2018,38.83
01/13/2018,39.57
01/14/2018,39.57
01/15/2018,40.3
01/16/2018,39.75
01/17/2018,37.49
01/18/2018,38.84
01/19/2018,38.26
01/20/2018,39.59
01/21/2018,39.59
01/22/2018,40.91
01/23/2018,40.01
01/24/2018,39.54
01/25/2018,40.56
01/26/2018,40.53
01/27/2018,40.43
01/28/2018,40.43
01/29/2018,40.32
01/30/2018,39.85
01/31/2018,40.22
02/01/2018,39.71
02/02/2018,41.27
02/03/2018,39.23
02/04/2018,39.23
02/05/2018,37.19
02/06/2018,41.41
02/07/2018,41.43
02/08/2018,38.94
02/09/2018,38.7
02/10/2018,39.08
02/11/2018,39.08
02/12/2018,39.45
02/13/2018,38.56
02/14/2018,39.77
02/15/2018,39.85
02/16/2018,39.85
02/17/2018,39.85
02/18/2018,39.85
02/19/2018,39.85
02/20/2018,39.85
02/21/2018,39.85
02/22/2018,39.92
02/23/2018,39.53
02/24/2018,38.77
02/25/2018,38.77
02/26/2018,38.01
02/27/2018,39.33
02/28/2018,39.98
03/01/2018,45.86
03/02/2018,44.44
03/03/2018,45.41
03/04/2018,45.41
03/05/2018,46.38
03/06/2018,43.61
03/07/2018,43.19
03/08/2018,46.43
03/09/2018,44.45
03/10/2018,44.57
03/11/2018,44.57
03/12/2018,44.69
03/13/2018,46.12
03/14/2018,45.77
03/15/2018,45.71
03/16/2018,47.83
03/17/2018,47.18
03/18/2018,47.18
03/19/2018,46.53
03/20/2018,47.27
03/21/2018,43.23
03/22/2018,43.41
03/23/2018,47.92
03/24/2018,47.09
03/25/2018,47.09
03/26/2018,46.25
03/27/2018,44.98
03/28/2018,43.17
03/29/2018,44.76
03/30/2018,46.49
03/31/2018,47.79
04/01/2018,48.66
04/02/2018,50.82
04/03/2018,50.98
04/04/2018,50.79
04/05/2018,49.44
04/06/2018,51.87
04/07/2018,51.15
04/08/2018,51.15
04/09/2018,50.43
04/10/2018,51.68
04/11/2018,48.08
04/12/2018,48.68
04/13/2018,48.25
04/14/2018,49.34
04/15/2018,49.34
04/16/2018,50.42
04/17/2018,49.43
04/18/2018,48.52
04/19/2018,49.52
04/20/2018,50.05
04/21/2018,51.5
04/22/2018,51.5
04/23/2018,52.94
04/24/2018,52.69
04/25/2018,52.62
04/26/2018,52.54
04/27/2018,51.5
04/28/2018,50.88
04/29/2018,50.88
04/30/2018,50.88
05/01/2018,50.88
05/02/2018,50.26
05/03/2018,48.49
05/04/2018,48.8
05/05/2018,49.06
05/06/2018,49.06
05/07/2018,49.32
05/08/2018,48.18
05/09/2018,50.97
05/10/2018,52.15
05/11/2018,51.64
05/12/2018,51.49
05/13/2018,51.49
05/14/2018,51.34
05/15/2018,51.09
05/16/2018,52.64
05/17/2018,48.15
05/18/2018,50.11
05/19/2018,51.23
05/20/2018,51.23
05/21/2018,52.34
05/22/2018,49.63
05/23/2018,48.94
05/24/2018,51.73
05/25/2018,51.84
05/26/2018,52.09
05/27/2018,52.09
05/28/2018,52.34
05/29/2018,49.93
05/30/2018,49.32
05/31/2018,51.99
06/01/2018,49.38
06/02/2018,48.21
06/03/2018,48.21
06/04/2018,47.03
06/05/2018,50.45
06/06/2018,49.4
06/07/2018,50
06/08/2018,47.07
06/09/2018,47.21
06/10/2018,47.21
06/11/2018,47.34
06/12/2018,47.54
06/13/2018,50.9
06/14/2018,49.82
06/15/2018,50.23
06/16/2018,49.65
06/17/2018,49.65
06/18/2018,49.06
06/19/2018,47.44
06/20/2018,51.66
06/21/2018,48.02
06/22/2018,50.03
06/23/2018,49.16
06/24/2018,49.16
06/25/2018,48.28
06/26/2018,47.29
06/27/2018,48.43
06/28/2018,47.32
06/29/2018,47.45
06/30/2018,49.43
07/01/2018,49.43
07/02/2018,51.41
07/03/2018,49.69
07/04/2018,51.23
07/05/2018,50
07/06/2018,53.88
07/07/2018,52.89
07/08/2018,52.89
07/09/2018,51.9
07/10/2018,51.64
07/11/2018,49.42
07/12/2018,52.52
07/13/2018,50.49
07/14/2018,50.48
07/15/2018,50.48
07/16/2018,50.47
07/17/2018,49.18
07/18/2018,53.04
07/19/2018,53.58
07/20/2018,52.62
07/21/2018,53.24
07/22/2018,53.24
07/23/2018,53.85
07/24/2018,52.77
07/25/2018,52.14
07/26/2018,52.51
07/27/2018,53.78
07/28/2018,52.13
07/29/2018,52.13
07/30/2018,50.48
07/31/2018,52.34
08/01/2018,51.47
08/02/2018,49.04
08/03/2018,49.62
08/04/2018,50.35
08/05/2018,50.35
08/06/2018,51.07
08/07/2018,50.23
08/08/2018,51.07
08/09/2018,50.4
08/10/2018,50.37
08/11/2018,50.68
08/12/2018,50.68
08/13/2018,50.98
08/14/2018,53.89
08/15/2018,53.11
08/16/2018,52.96
08/17/2018,49.35
08/18/2018,49.56
08/19/2018,49.56
08/20/2018,49.76
08/21/2018,52.26
08/22/2018,50.41
08/23/2018,52.82
08/24/2018,52.39
08/25/2018,52.55
08/26/2018,52.55
08/27/2018,52.71
08/28/2018,49.35
08/29/2018,50.18
08/30/2018,52.41
08/31/2018,49.89
09/01/2018,50.18
09/02/2018,50.18
09/03/2018,50.46
09/04/2018,50.84
09/05/2018,50.04
09/06/2018,49.61
09/07/2018,49.07
09/08/2018,50.53
09/09/2018,50.53
09/10/2018,51.98
09/11/2018,51.04
09/12/2018,51.28
09/13/2018,51.55
09/14/2018,51.99
09/15/2018,50.71
09/16/2018,50.71
09/17/2018,49.43
09/18/2018,52.71
09/19/2018,48.65
09/20/2018,52.28
09/21/2018,49.27
09/22/2018,50.84
09/23/2018,50.84
09/24/2018,52.4
09/25/2018,51.03
09/26/2018,49.42
09/27/2018,49.98
09/28/2018,49.73
09/29/2018,51.13
09/30/2018,51.13
10/01/2018,52.53
10/02/2018,54.19
10/03/2018,51.67
10/04/2018,51.79
10/05/2018,51.12
10/06/2018,51.72
10/07/2018,51.72
10/08/2018,52.31
10/09/2018,50.91
10/10/2018,53.07
10/11/2018,54.86
10/12/2018,50.08
10/13/2018,52.43
10/14/2018,52.43
10/15/2018,54.77
10/16/2018,53.73
10/17/2018,50.5
10/18/2018,51.28
10/19/2018,51.41
10/20/2018,51.5
10/21/2018,51.5
10/22/2018,51.58
10/23/2018,51.52
10/24/2018,50.44
10/25/2018,54.31
10/26/2018,51.81
10/27/2018,51.71
10/28/2018,51.71
10/29/2018,51.6
10/30/2018,51.95
10/31/2018,52.87
11/01/2018,52.12
11/02/2018,51.52
11/03/2018,51.97
11/04/2018,51.97
11/05/2018,52.41
11/06/2018,51.91
11/07/2018,53.43
11/08/2018,50.58
11/09/2018,53.15
11/10/2018,53.37
11/11/2018,53.37
11/12/2018,53.59
11/13/2018,51.11
11/14/2018,52.5
11/15/2018,52.99
11/16/2018,51.57
11/17/2018,52.34
11/18/2018,52.34
11/19/2018,53.11
11/20/2018,52.75
11/21/2018,51.21
11/22/2018,53.34
11/23/2018,54.94
11/24/2018,54.33
11/25/2018,54.33
11/26/2018,53.72
11/27/2018,53.92
11/28/2018,52.17
11/29/2018,50.22
11/30/2018,54.57
12/01/2018,54.37
12/02/2018,54.37
12/03/2018,54.17
12/04/2018,55.56
12/05/2018,52.71
12/06/2018,53.82
12/07/2018,56.53
12/08/2018,56.24
12/09/2018,56.24
12/10/2018,55.95
12/11/2018,56.35
12/12/2018,53.43
12/13/2018,55.34
12/14/2018,53.21
12/15/2018,53.72
12/16/2018,53.72
12/17/2018,54.23
12/18/2018,54.92
12/19/2018,52.86
12/20/2018,52.53
12/21/2018,52.73
12/22/2018,52.49
12/23/2018,52.49
12/24/2018,52.25
12/25/2018,53.43
12/26/2018,52.35
12/27/2018,55.44
12/28/2018,52.49
12/29/2018,52.47
12/30/2018,52.47
12/31/2018,52.44
01/01/2019,53.24
01/02/2019,54
01/03/2019,52.37
01/04/2019,55.91
01/05/2019,56.06
01/06/2019,56.06
01/07/2019,56.2
01/08/2019,56.11
01/09/2019,55.45
01/10/2019,55.65
01/11/2019,55.61
01/12/2019,54.7
01/13/2019,54.7
01/14/2019,53.79
01/15/2019,56.06
01/16/2019,56.95
01/17/2019,54.36
01/18/2019,53.56
01/19/2019,55.21
01/20/2019,55.21
01/21/2019,56.86
01/22/2019,53.43
01/23/2019,52.09
01/24/2019,54.08
01/25/2019,55.53
01/26/2019,55.41
01/27/2019,55.41
01/28/2019,55.41
01/29/2019,55.28
01/30/2019,54.42
01/31/2019,52.22
02/01/2019,56.56
02/02/2019,56.81
02/03/2019,56.81
02/04/2019,56.81
02/05/2019,56.81
02/06/2019,56.81
02/07/2019,56.81
02/08/2019,56.81
02/09/2019,57.06
02/10/2019,55.63
02/11/2019,54.2
02/12/2019,54.23
02/13/2019,56.7
02/14/2019,56.72
02/15/2019,57.91
02/16/2019,58
02/17/2019,58
02/18/2019,58.08
02/19/2019,58.03
02/20/2019,57.5
02/21/2019,57.35
02/22/2019,58.99
02/23/2019,58.49
02/24/2019,58.49
02/25/2019,57.98
02/26/2019,54.69
02/27/2019,56.75
02/28/2019,55.46
03/01/2019,61.09
03/02/2019,61.81
03/03/2019,61.81
03/04/2019,62.53
03/05/2019,59.32
03/06/2019,63.06
03/07/2019,61.45
03/08/2019,63.34
03/09/2019,61.41
03/10/2019,61.41
03/11/2019,59.47
03/12/2019,62.11
03/13/2019,62.7
03/14/2019,61.33
03/15/2019,62.19
03/16/2019,61.23
03/17/2019,61.23
03/18/2019,60.27
03/19/2019,60.24
03/20/2019,60.88
03/21/2019,63.12
03/22/2019,59.3
03/23/2019,60.3
03/24/2019,60.3
03/25/2019,61.29
03/26/2019,60.74
03/27/2019,63.37
03/28/2019,59.68
03/29/2019,63.75
03/30/2019,62.97
03/31/2019,62.97
04/01/2019,62.19
04/02/2019,62.08
04/03/2019,64.05
04/04/2019,63.74
04/05/2019,64.84
04/06/2019,62.83
04/07/2019,62.83
04/08/2019,60.81
04/09/2019,62.4
04/10/2019,62.52
04/11/2019,64.34
04/12/2019,60.61
04/13/2019,61.96
04/14/2019,61.96
04/15/2019,61.96
04/16/2019,63.31
04/17/2019,62.6
04/18/2019,60.84
04/19/2019,61.52
04/20/2019,62.83
04/21/2019,62.83
04/22/2019,64.13
04/23/2019,64.47
04/24/2019,60.65
04/25/2019,61.52
04/26/2019,60.74
04/27/2019,64.86
04/28/2019,64.86
04/29/2019,64.86
04/30/2019,64.86
05/01/2019,64.86
05/02/2019,68.98
05/03/2019,67.14
05/04/2019,66.88
05/05/2019,66.88
05/06/2019,66.61
05/07/2019,68.33
05/08/2019,70.34
05/09/2019,69.65
05/10/2019,70.4
05/11/2019,70.49
05/12/2019,70.49
05/13/2019,70.58
05/14/2019,69.35
05/15/2019,69.57
05/16/2019,70.12
05/17/2019,69.45
05/18/2019,68.52
05/19/2019,68.52
05/20/2019,67.58
05/21/2019,69.01
05/22/2019,70.72
05/23/2019,66.55
05/24/2019,67.19
05/25/2019,68.53
05/26/2019,68.53
05/27/2019,69.86
05/28/2019,70.92
05/29/2019,66.84
05/30/2019,69.75
05/31/2019,68.74
06/01/2019,69.49
06/02/2019,69.49
06/03/2019,70.24
06/04/2019,72.45
06/05/2019,70.92
06/06/2019,68.5
06/07/2019,72.62
06/08/2019,72.55
06/09/2019,72.55
06/10/2019,72.47
06/11/2019,69.38
06/12/2019,70.14
06/13/2019,72.72
06/14/2019,69.04
06/15/2019,70.51
06/16/2019,70.51
06/17/2019,71.98
06/18/2019,69.79
06/19/2019,71.66
06/20/2019,72.11
06/21/2019,71.52
06/22/2019,71.41
06/23/2019,71.41
06/24/2019,71.29
06/25/2019,72.16
06/26/2019,69.94
06/27/2019,68.29
06/28/2019,69.77
06/29/2019,73.18
06/30/2019,73.18
07/01/2019,76.59
07/02/2019,78.95
07/03/2019,75.33
07/04/2019,76.6
07/05/2019,74.04
07/06/2019,74.64
07/07/2019,74.64
07/08/2019,75.23
07/09/2019,76.12
07/10/2019,75.53
07/11/2019,74.42
07/12/2019,76.24
07/13/2019,75.51
07/14/2019,75.51
07/15/2019,74.77
07/16/2019,77.54
07/17/2019,76.13
07/18/2019,76.67
07/19/2019,77.17
07/20/2019,77.27
07/21/2019,77.27
07/22/2019,77.36
07/23/2019,75.23
07/24/2019,78.33
07/25/2019,78.57
07/26/2019,76.01
07/27/2019,77.4
07/28/2019,77.4
07/29/2019,78.79
07/30/2019,78.42
07/31/2019,75.27
08/01/2019,79.62
08/02/2019,81.27
08/03/2019,80.4
08/04/2019,80.4
08/05/2019,79.53
08/06/2019,77.03
08/07/2019,79.03
08/08/2019,78.76
08/09/2019,79.97
08/10/2019,78.7
08/11/2019,78.7
08/12/2019,77.42
08/13/2019,81.38
08/14/2019,78.72
08/15/2019,79.85
08/16/2019,80.8
08/17/2019,81.03
08/18/2019,81.03
08/19/2019,81.26
08/20/2019,80.83
08/21/2019,78.87
08/22/2019,79.73
08/23/2019,77.91
08/24/2019,79.34
08/25/2019,79.34
08/26/2019,80.76
08/27/2019,78.27
08/28/2019,81.22
08/29/2019,77.97
08/30/2019,79.82
08/31/2019,79.84
09/01/2019,77.79
09/02/2019,77.79
09/03/2019,75.74
09/04/2019,76.26
09/05/2019,75.09
09/06/2019,76.9
09/07/2019,75.9
09/08/2019,75.9
09/09/2019,74.9
09/10/2019,76.62
09/11/2019,76.67
09/12/2019,76.77
09/13/2019,74.8
09/14/2019,74.1
09/15/2019,74.1
09/16/2019,73.39
09/17/2019,75.19
09/18/2019,75.14
09/19/2019,74.82
09/20/2019,77.33
09/21/2019,75.83
09/22/2019,75.83
09/23/2019,74.33
09/24/2019,74.23
09/25/2019,75.8
09/26/2019,73.25
09/27/2019,77.59
09/28/2019,75.44
09/29/2019,75.44
09/30/2019,73.29
10/01/2019,76.99
10/02/2019,76.97
10/03/2019,75.7
10/04/2019,76.86
10/05/2019,77.08
10/06/2019,77.08
10/07/2019,77.3
10/08/2019,76.18
10/09/2019,75.9
10/10/2019,76.53
10/11/2019,77.15
10/12/2019,77.96
10/13/2019,77.96
10/14/2019,78.77
10/15/2019,78.51
10/16/2019,76.63
10/17/2019,75.86
10/18/2019,77.57
10/19/2019,76.34
10/20/2019,76.34
10/21/2019,75.11
10/22/2019,78.77
10/23/2019,78.49
10/24/2019,78.87
10/25/2019,75.52
10/26/2019,76.71
10/27/2019,76.71
10/28/2019,77.9
10/29/2019,74.89
10/30/2019,75.22
10/31/2019,78.83
11/01/2019,72.59
11/02/2019,71.57
11/03/2019,71.57
11/04/2019,70.54
11/05/2019,70.86
11/06/2019,71.78
11/07/2019,75
11/08/2019,74.92
11/09/2019,74.47
11/10/2019,74.47
11/11/2019,74.01
11/12/2019,74.25
11/13/2019,74.19
11/14/2019,70.19
11/15/2019,72.26
11/16/2019,73.59
11/17/2019,73.59
11/18/2019,74.92
11/19/2019,74.69
11/20/2019,70.45
11/21/2019,73.61
11/22/2019,70.18
11/23/2019,71.02
11/24/2019,71.02
11/25/2019,71.86
11/26/2019,70.1
11/27/2019,71
11/28/2019,74.51
11/29/2019,73.67
11/30/2019,74.3
12/01/2019,74.3
12/02/2019,74.93
12/03/2019,75.49
12/04/2019,73.81
12/05/2019,72.6
12/06/2019,74.7
12/07/2019,74.1
12/08/2019,74.1
12/09/2019,73.49
12/10/2019,74.13
12/11/2019,75.02
12/12/2019,72.86
12/13/2019,76.14
12/14/2019,74.8
12/15/2019,74.8
12/16/2019,73.45
12/17/2019,75.16
12/18/2019,74.3
12/19/2019,74.73
12/20/2019,72.28
12/21/2019,72.84
12/22/2019,72.84
12/23/2019,73.39
12/24/2019,76.06
12/25/2019,72.96
12/26/2019,72.39
12/27/2019,76.57
12/28/2019,75.04
12/29/2019,75.04
12/30/2019,73.51
12/31/2019,74.93
01/01/2020,73.88
01/02/2020,72.83
01/03/2020,70.79
01/04/2020,70.66
01/05/2020,70.66
01/06/2020,70.53
01/07/2020,70.8
01/08/2020,71.5
01/09/2020,71.21
01/10/2020,72.38
01/11/2020,73.66
01/12/2020,73.66
01/13/2020,74.94
01/14/2020,71.27
01/15/2020,71
01/16/2020,73.03
01/17/2020,72.18
01/18/2020,72.18
01/19/2020,72.18
01/20/2020,71.32
01/21/2020,73.79
01/22/2020,70.65
01/23/2020,72.6
01/24/2020,72.6
01/25/2020,72.6
01/26/2020,72.6
01/27/2020,72.6
01/28/2020,72.6
01/29/2020,72.6
01/30/2020,74.55
01/31/2020,73.04
02/01/2020,72.77
02/02/2020,72.77
02/03/2020,72.5
02/04/2020,74.08
02/05/2020,73.24
02/06/2020,71.88
02/07/2020,71.69
02/08/2020,72.25
02/09/2020,72.25
02/10/2020,72.81
02/11/2020,74.31
02/12/2020,73.39
02/13/2020,72.02
02/14/2020,73.58
02/15/2020,72.03
02/16/2020,72.03
02/17/2020,70.47
02/18/2020,73.94
02/19/2020,74.85
02/20/2020,74.98
02/21/2020,70.42
02/22/2020,71.45
02/23/2020,71.45
02/24/2020,72.47
02/25/2020,74.6
02/26/2020,71.31
02/27/2020,70.5
02/28/2020,70.91
02/29/2020,72.33
03/01/2020,72.33
03/02/2020,73.74
03/03/2020,71.3
03/04/2020,75.02
03/05/2020,73.33
03/06/2020,72.28
03/07/2020,73.89
03/08/2020,73.89
03/09/2020,75.49
03/10/2020,71.86
03/11/2020,74.16
03/12/2020,71.45
03/13/2020,75.12
03/14/2020,74.47
03/15/2020,74.47
03/16/2020,73.82
03/17/2020,71.87
03/18/2020,71.62
03/19/2020,75.62
03/20/2020,72.97
03/21/2020,72.79
03/22/2020,72.79
03/23/2020,72.6
03/24/2020,71.45
03/25/2020,74.87
03/26/2020,74.8
03/27/2020,75.48
03/28/2020,74.34
03/29/2020,74.34
03/30/2020,73.19
03/31/2020,72.28
04/01/2020,71.83
04/02/2020,72.5
04/03/2020,73.17
04/04/2020,71.63
04/05/2020,71.63
04/06/2020,70.08
04/07/2020,70.54
04/08/2020,73.8
04/09/2020,69.66
04/10/2020,73.11
04/11/2020,72.24
04/12/2020,72.24
04/13/2020,71.36
04/14/2020,71.19
04/15/2020,69.62
04/16/2020,71.62
04/17/2020,71.25
04/18/2020,70.26
04/19/2020,70.26
04/20/2020,69.27
04/21/2020,69.86
04/22/2020,69.12
04/23/2020,70.25
04/24/2020,70.52
04/25/2020,70.48
04/26/2020,70.48
04/27/2020,70.43
04/28/2020,69.05
04/29/2020,69.93
04/30/2020,71.5
05/01/2020,71.5
05/02/2020,73.07
05/03/2020,71.3
05/04/2020,72.79
05/05/2020,75.97
05/06/2020,71.51
05/07/2020,72.14
05/08/2020,71.37
05/09/2020,72.92
05/10/2020,72.92
05/11/2020,74.46
05/12/2020,72.94
05/13/2020,74.93
05/14/2020,74.5
05/15/2020,73.55
05/16/2020,74.24
05/17/2020,74.24
05/18/2020,74.93
05/19/2020,74.81
05/20/2020,71.15
05/21/2020,71.93
05/22/2020,71.59
05/23/2020,72.57
05/24/2020,72.57
05/25/2020,73.55
05/26/2020,74.29
05/27/2020,71.47
05/28/2020,74.71
05/29/2020,72.5
05/30/2020,71.61
05/31/2020,71.61
06/01/2020,70.71
06/02/2020,70.49
06/03/2020,70.64
06/04/2020,69.01
06/05/2020,68.76
06/06/2020,69.56
06/07/2020,69.56
06/08/2020,70.35
06/09/2020,69.64
06/10/2020,70.5
06/11/2020,69.57
06/12/2020,69.68
06/13/2020,70.36
06/14/2020,70.36
06/15/2020,71.03
06/16/2020,68.85
06/17/2020,69.44
06/18/2020,69.34
06/19/2020,72.49
06/20/2020,70.31
06/21/2020,70.31
06/22/2020,68.12
06/23/2020,70.44
06/24/2020,69.92
06/25/2020,68.66
06/26/2020,68.43
06/27/2020,69.22
06/28/2020,69.22
06/29/2020,70.01
06/30/2020,69.57
07/01/2020,72.46
07/02/2020,70.54
07/03/2020,71.62
07/04/2020,72.04
07/05/2020,72.04
07/06/2020,72.46
07/07/2020,73.98
07/08/2020,71.81
07/09/2020,71.23
07/10/2020,70.49
07/11/2020,70.97
07/12/2020,70.97
07/13/2020,71.44
07/14/2020,73.51
07/15/2020,72.78
07/16/2020,74.39
07/17/2020,74.58
07/18/2020,73.48
07/19/2020,73.48
07/20/2020,72.38
07/21/2020,72.37
07/22/2020,71.92
07/23/2020,71.56
07/24/2020,74.89
07/25/2020,74.65
07/26/2020,74.65
07/27/2020,74.41
07/28/2020,72.1
07/29/2020,71.16
07/30/2020,71.28
07/31/2020,72.64
08/01/2020,72.35
08/02/2020,72.35
08/03/2020,72.06
08/04/2020,74.8
08/05/2020,74.87
08/06/2020,71.73
08/07/2020,74.42
08/08/2020,73.55
08/09/2020,73.55
08/10/2020,72.68
08/11/2020,74.99
08/12/2020,71.63
08/13/2020,70.02
08/14/2020,70.91
08/15/2020,72.28
08/16/2020,72.28
08/17/2020,73.64
08/18/2020,72.37
08/19/2020,72.73
08/20/2020,71.36
08/21/2020,74.47
08/22/2020,74.02
08/23/2020,74.02
08/24/2020,73.57
08/25/2020,73.13
08/26/2020,72.41
08/27/2020,73.34
08/28/2020,74.44
08/29/2020,73.08
08/30/2020,73.08
08/31/2020,71.72
09/01/2020,73.67
09/02/2020,72.97
09/03/2020,72.27
09/04/2020,71.16
09/05/2020,71.23
09/06/2020,71.23
09/07/2020,71.29
09/08/2020,71.71
09/09/2020,73.87
09/10/2020,75.27
09/11/2020,72.59
09/12/2020,73.34
09/13/2020,73.34
09/14/2020,74.09
09/15/2020,71.52
09/16/2020,74.53
09/17/2020,72.19
09/18/2020,74.49
09/19/2020,73.07
09/20/2020,73.07
09/21/2020,71.64
09/22/2020,74.73
09/23/2020,73.64
09/24/2020,73.71
09/25/2020,73.9
09/26/2020,72.64
09/27/2020,72.64
09/28/2020,71.38
09/29/2020,72
09/30/2020,75.36
10/01/2020,73.35
10/02/2020,74.55
10/03/2020,74.05
10/04/2020,74.05
10/05/2020,73.55
10/06/2020,73.47
10/07/2020,73.94
10/08/2020,73.15
10/09/2020,75.63
10/10/2020,75.46
10/11/2020,75.46
10/12/2020,75.28
10/13/2020,75.17
10/14/2020,71.27
10/15/2020,75.79
10/16/2020,73.25
10/17/2020,72.83
10/18/2020,72.83
10/19/2020,72.4
10/20/2020,74.88
10/21/2020,71.3
10/22/2020,75.94
10/23/2020,74.15
10/24/2020,73.74
10/25/2020,73.74
10/26/2020,73.33
10/27/2020,75.11
10/28/2020,74.64
10/29/2020,71.55
10/30/2020,71.04
10/31/2020,73.51
11/01/2020,73.51
11/02/2020,75.97
11/03/2020,76.91
11/04/2020,76.48
11/05/2020,73.88
11/06/2020,75.23
11/07/2020,74.45
11/08/2020,74.45
11/09/2020,73.66
11/10/2020,77.02
11/11/2020,76.41
11/12/2020,73.17
11/13/2020,74.05
11/14/2020,73.96
11/15/2020,73.96
11/16/2020,73.86
11/17/2020,74.7
11/18/2020,73.67
11/19/2020,74.69
11/20/2020,75.44
11/21/2020,75.44
11/22/2020,75.44
11/23/2020,76.18
11/24/2020,77.84
11/25/2020,77.05
11/26/2020,77.75
11/27/2020,77.93
11/28/2020,76.48
11/29/2020,76.48
11/30/2020,75.02
12/01/2020,76.9
12/02/2020,78.18
12/03/2020,76.85
12/04/2020,76.03
12/05/2020,76.5
12/06/2020,76.5
12/07/2020,76.97
12/08/2020,75.64
12/09/2020,74.44
12/10/2020,76.94
12/11/2020,77.36
12/12/2020,77.98
12/13/2020,77.98
12/14/2020,78.59
12/15/2020,76.18
12/16/2020,77.29
12/17/2020,77.12
12/18/2020,77.82
12/19/2020,76.79
12/20/2020,76.79
12/21/2020,75.76
12/22/2020,78.39
12/23/2020,74.1
12/24/2020,78.64
12/25/2020,78.92
12/26/2020,77.47
12/27/2020,77.47
12/28/2020,76.02
12/29/2020,77.17
12/30/2020,74.15
01/01/2021,75.55
01/02/2021,75.55
01/03/2021,75.55
01/04/2021,76.95
01/05/2021,74.07
01/06/2021,77.14
01/07/2021,75.08
01/08/2021,74.06
01/09/2021,75.55
01/10/2021,75.55
01/11/2021,77.03
01/12/2021,75.01
01/13/2021,74.72
01/14/2021,76.78
01/15/2021,78.44
01/16/2021,78.42
01/17/2021,78.42
01/18/2021,78.4
01/19/2021,78.13
01/20/2021,75.58
01/21/2021,76.73
01/22/2021,77.56
01/23/2021,75.98
01/24/2021,75.98
01/25/2021,74.39
01/26/2021,75.48
01/27/2021,75.95
01/28/2021,75.99
01/29/2021,75.38
01/30/2021,75.92
01/31/2021,75.92
02/01/2021,76.45
02/02/2021,78.41
02/03/2021,78.23
02/04/2021,78.35
02/05/2021,78.46
02/06/2021,76.27
02/07/2021,76.27
02/08/2021,74.08
02/09/2021,78.76
02/10/2021,77.25
02/11/2021,77.25
02/12/2021,77.25
02/13/2021,77.25
02/14/2021,77.25
02/15/2021,77.25
02/16/2021,77.25
02/17/2021,75.73
02/18/2021,76.37
02/19/2021,78.63
02/20/2021,77.48
02/21/2021,77.48
02/22/2021,76.33
02/23/2021,77.78
02/24/2021,76.87
02/25/2021,75.34
02/26/2021,75.95
02/27/2021,75.4
02/28/2021,75.4
03/01/2021,74.85
03/02/2021,75.91
03/03/2021,73
03/04/2021,75.84
03/05/2021,73.88
03/06/2021,74.58
03/07/2021,74.58
03/08/2021,75.27
03/09/2021,73.97
03/10/2021,73.13
03/11/2021,75.67
03/12/2021,74.35
03/13/2021,75.11
03/14/2021,75.11
03/15/2021,75.86
03/16/2021,74.78
03/17/2021,73.89
03/18/2021,75.91
03/19/2021,72.61
03/20/2021,73.58
03/21/2021,73.58
03/22/2021,74.55
03/23/2021,72.73
03/24/2021,73.84
03/25/2021,76.3
03/26/2021,76.13
03/27/2021,76.45
03/28/2021,76.45
03/29/2021,76.76
03/30/2021,74.89
03/31/2021,72.49
04/01/2021,79
04/02/2021,77.55
04/03/2021,77.05
04/04/2021,77.05
04/05/2021,76.55
04/06/2021,76.4
04/07/2021,78.62
04/08/2021,77.38
04/09/2021,76.89
04/10/2021,77.21
04/11/2021,77.21
04/12/2021,77.52
04/13/2021,80.6
04/14/2021,80.44
04/15/2021,77.66
04/16/2021,79
04/17/2021,79.98
04/18/2021,79.98
04/19/2021,80.95
04/20/2021,78.24
04/21/2021,77.16
04/22/2021,76.08
04/23/2021,79.02
04/24/2021,78.29
04/25/2021,78.29
04/26/2021,77.56
04/27/2021,78.92
04/28/2021,80.78
04/29/2021,79.4
04/30/2021,79.45
05/01/2021,79.45
05/02/2021,79.45
05/03/2021,79.45
05/04/2021,79.5
05/05/2021,79.42
05/06/2021,81.9
05/07/2021,78.76
05/08/2021,79.54
05/09/2021,79.54
05/10/2021,80.32
05/11/2021,81.6
05/12/2021,77.5
05/13/2021,81.26
05/14/2021,78.22
05/15/2021,77.69
05/16/2021,77.69
05/17/2021,77.16
05/18/2021,78.69
05/19/2021,77.1
05/20/2021,80.95
05/21/2021,80.68
05/22/2021,80.49
05/23/2021,80.49
05/24/2021,80.3
05/25/2021,81.35
05/26/2021,78.85
05/27/2021,81.46
05/28/2021,77.98
05/29/2021,77.95
05/30/2021,77.95
05/31/2021,77.92
06/01/2021,81.19
06/02/2021,80.17
06/03/2021,83.72
06/04/2021,80.26
06/05/2021,81.31
06/06/2021,81.31
06/07/2021,82.35
06/08/2021,81.53
06/09/2021,83.11
06/10/2021,82.82
06/11/2021,83.9
06/12/2021,83.72
06/13/2021,83.72
06/14/2021,83.54
06/15/2021,81.76
06/16/2021,79.79
06/17/2021,83.63
06/18/2021,82.92
06/19/2021,83.36
06/20/2021,83.36
06/21/2021,83.79
06/22/2021,81.55
06/23/2021,79.84
06/24/2021,82.55
06/25/2021,81.24
06/26/2021,80.61
06/27/2021,80.61
06/28/2021,79.98
06/29/2021,81.03
06/30/2021,79.39
07/01/2021,83.49
07/02/2021,83.02
07/03/2021,83.32
07/04/2021,83.32
07/05/2021,83.61
07/06/2021,83.27
07/07/2021,81.81
07/08/2021,84.5
07/09/2021,85.48
07/10/2021,83.88
07/11/2021,83.88
07/12/2021,82.27
07/13/2021,85.55
07/14/2021,84.19
07/15/2021,81.29
07/16/2021,82.11
07/17/2021,83
07/18/2021,83
07/19/2021,83.88
07/20/2021,82.36
07/21/2021,83.65
07/22/2021,81.34
07/23/2021,81.22
07/24/2021,81.63
07/25/2021,81.63
07/26/2021,82.03
07/27/2021,85.87
07/28/2021,83.33
07/29/2021,83.68
07/30/2021,82.17
07/31/2021,83.1
08/01/2021,83.1
08/02/2021,84.03
08/03/2021,82.73
08/04/2021,83.33
08/05/2021,84.73
08/06/2021,84.66
08/07/2021,85.2
08/08/2021,85.2
08/09/2021,85.73
08/10/2021,86.22
08/11/2021,85.68
08/12/2021,82.2
08/13/2021,85.03
08/14/2021,83.94
08/15/2021,83.94
08/16/2021,82.85
08/17/2021,85.65
08/18/2021,82.76
08/19/2021,86.26
08/20/2021,86.89
08/21/2021,86.44
08/22/2021,86.44
08/23/2021,85.98
08/24/2021,85.59
08/25/2021,86.36
08/26/2021,84.33
08/27/2021,84.35
08/28/2021,84.96
08/29/2021,84.96
08/30/2021,85.57
08/31/2021,85.92
09/01/2021,85.79
09/02/2021,86.43
09/03/2021,86.43
09/04/2021,86.43
09/05/2021,86.43
09/06/2021,87.07
09/07/2021,83.74
09/08/2021,83.1
09/09/2021,86.55
09/10/2021,85.72
09/11/2021,86.66
09/12/2021,86.66
09/13/2021,87.59
09/14/2021,87.54
09/15/2021,86.37
09/16/2021,87.58
09/17/2021,84.01
09/18/2021,85.8
09/19/2021,85.8
09/20/2021,87.59
09/21/2021,83.56
09/22/2021,84.71
09/23/2021,85.84
09/24/2021,83.88
09/25/2021,85.41
09/26/2021,85.41
09/27/2021,86.93
09/28/2021,87.59
09/29/2021,86.24
09/30/2021,87.81
10/01/2021,88.42
10/02/2021,88.44
10/03/2021,88.44
10/04/2021,88.45
10/05/2021,90.89
10/06/2021,90.03
10/07/2021,87.8
10/08/2021,87.13
10/09/2021,88
10/10/2021,88
10/11/2021,88.86
10/12/2021,90.39
10/13/2021,87.5
10/14/2021,90.64
10/15/2021,87.36
10/16/2021,88.12
10/17/2021,88.12
10/18/2021,88.87
10/19/2021,87.02
10/20/2021,87.08
10/21/2021,89.55
10/22/2021,90.22
10/23/2021,89.22
10/24/2021,89.22
10/25/2021,88.22
10/26/2021,87.09
10/27/2021,89.19
10/28/2021,90.76
10/29/2021,89.15
10/30/2021,90.35
10/31/2021,90.35
11/01/2021,91.54
11/02/2021,91.44
11/03/2021,92.44
11/04/2021,93.1
11/05/2021,89.22
11/06/2021,91.38
11/07/2021,91.38
11/08/2021,93.54
11/09/2021,91.95
11/10/2021,93.47
11/11/2021,93.87
11/12/2021,90.83
11/13/2021,92.28
11/14/2021,92.28
11/15/2021,93.72
11/16/2021,92.02
11/17/2021,92.21
11/18/2021,89.16
11/19/2021,90.34
11/20/2021,91.98
11/21/2021,91.98
11/22/2021,93.61
11/23/2021,89.97
11/24/2021,91.2
11/25/2021,92.31
11/26/2021,93.26
11/27/2021,92.75
11/28/2021,92.75
11/29/2021,92.23
11/30/2021,91.56
12/01/2021,91.35
12/02/2021,92.05
12/03/2021,93.21
12/04/2021,91.82
12/05/2021,91.82
12/06/2021,90.42
12/07/2021,92.58
12/08/2021,92.09
12/09/2021,92.41
12/10/2021,92.65
12/11/2021,90.99
12/12/2021,90.99
12/13/2021,89.32
12/14/2021,93.91
12/15/2021,90.25
12/16/2021,92.07
12/17/2021,91.92
12/18/2021,91.85
12/19/2021,91.85
12/20/2021,91.77
12/21/2021,93.99
12/22/2021,91.2
12/23/2021,89.2
12/24/2021,89.35
12/25/2021,90.9
12/26/2021,90.9
12/27/2021,92.44
12/28/2021,90.73
12/29/2021,93.34
12/30/2021,91.69
12/31/2021,92.26
01/01/2022,91.84
01/02/2022,91.84
01/03/2022,91.84
01/04/2022,91.42
01/05/2022,93.05
01/06/2022,90.26
01/07/2022,90.33
01/08/2022,91.22
01/09/2022,91.22
01/10/2022,92.1
01/11/2022,90.58
01/12/2022,90.4
01/13/2022,90.94
01/14/2022,89.6
01/15/2022,89.53
01/16/2022,89.53
01/17/2022,89.45
01/18/2022,92.01
01/19/2022,91.69
01/20/2022,91.33
01/21/2022,93.91
01/22/2022,93.79
01/23/2022,93.79
01/24/2022,93.67
01/25/2022,92.63
01/26/2022,91.42
01/27/2022,90.77
01/28/2022,89.01
01/29/2022,90.93
01/30/2022,90.93
01/31/2022,90.93
02/01/2022,90.93
02/02/2022,90.93
02/03/2022,90.93
02/04/2022,90.93
02/05/2022,90.93
02/06/2022,90.93
02/07/2022,92.84
02/08/2022,90.06
02/09/2022,91.53
02/10/2022,90.47
02/11/2022,90.59
02/12/2022,92.79
02/13/2022,92.79
02/14/2022,94.98
02/15/2022,94.33
02/16/2022,94.58
02/17/2022,90.69
02/18/2022,93.58
02/19/2022,93.83
02/20/2022,93.83
02/21/2022,94.08
02/22/2022,93.8
02/23/2022,93.5
02/24/2022,94.19
02/25/2022,91.6
02/26/2022,91.4
02/27/2022,91.4
02/28/2022,91.19
03/01/2022,91.22
03/02/2022,91.72
03/03/2022,89.8
03/04/2022,92.7
03/05/2022,91.1
03/06/2022,91.1
03/07/2022,89.5
03/08/2022,89.46
03/09/2022,93.33
03/10/2022,90.74
03/11/2022,92.32
03/12/2022,92.55
03/13/2022,92.55
03/14/2022,92.78
03/15/2022,90.77
03/16/2022,93.68
03/17/2022,89.89
03/18/2022,91.53
03/19/2022,92
03/20/2022,92
03/21/2022,92.46
03/22/2022,92.6
03/23/2022,90.07
03/24/2022,93.57
03/25/2022,92.64
03/26/2022,91.9
03/27/2022,91.9
03/28/2022,91.16
03/29/2022,93.88
03/30/2022,91.01
03/31/2022,90.42
04/01/2022,89.81
04/02/2022,89.15
04/03/2022,89.15
04/04/2022,88.48
04/05/2022,88.98
04/06/2022,91.85
04/07/2022,88.88
04/08/2022,88.76
04/09/2022,89
04/10/2022,89
04/11/2022,89
04/12/2022,89.23
04/13/2022,88.56
04/14/2022,91.51
04/15/2022,88.97
04/16/2022,90.24
04/17/2022,90.24
04/18/2022,91.5
04/19/2022,91
04/20/2022,88.58
04/21/2022,88.99
04/22/2022,87.2
04/23/2022,88.54
04/24/2022,88.54
04/25/2022,89.87
04/26/2022,88.68
04/27/2022,87.86
04/28/2022,91.06
04/29/2022,88.61
04/30/2022,86.89
05/01/2022,86.89
05/02/2022,86.89
05/03/2022,86.89
05/04/2022,85.17
05/05/2022,84.7
05/06/2022,84.26
05/07/2022,84.83
05/08/2022,84.83
05/09/2022,85.4
05/10/2022,87.93
05/11/2022,87.7
05/12/2022,85.35
05/13/2022,85.51
05/14/2022,86.65
05/15/2022,86.65
05/16/2022,87.78
05/17/2022,84.22
05/18/2022,84.59
05/19/2022,87.14
05/20/2022,85.63
05/21/2022,84.77
05/22/2022,84.77
05/23/2022,83.91
05/24/2022,85.67
05/25/2022,84.19
05/26/2022,86.84
05/27/2022,83.87
05/28/2022,84.31
05/29/2022,84.31
05/30/2022,84.75
05/31/2022,83.45
06/01/2022,85.3
06/02/2022,87.43
06/03/2022,86.41
06/04/2022,84.74
06/05/2022,84.74
06/06/2022,83.07
06/07/2022,84.94
06/08/2022,84.72
06/09/2022,85.83
06/10/2022,83.8
06/11/2022,85.81
06/12/2022,85.81
06/13/2022,87.81
06/14/2022,84.49
06/15/2022,86.07
06/16/2022,87.98
06/17/2022,85.42
06/18/2022,86.69
06/19/2022,86.69
06/20/2022,87.95